sku,slug,nombre,marca,categoria,precio_mxn,stock,imagen,notas
,generador-10000w-arranque-remoto,"Generador a gasolina 10,000 W con arranque remoto",Predator,Generadores,,,generador-10000w-arranque-remoto.webp,
,cepillo-banco-bauer-12-5,"Cepillo de banco 12-1/2"" 15 A",Bauer,Carpintería,,,cepillo-banco-bauer-12-5.webp,
,compresor-mcgraw-29-gal,Compresor de aire 29 gal,McGraw,Compresores,,,compresor-mcgraw-29-gal.webp,
,compresor-husky-165-psi,Compresor de aire 165 PSI máx.,Husky,Compresores,,,compresor-husky-165-psi.webp,
,gato-hidraulico-bajo-perfil-2t,Gato hidráulico de patín bajo perfil 2 t,Daytona,Automotriz,,,gato-hidraulico-bajo-perfil-2t.webp,
,generador-inverter-predator-8750,"Generador inverter portátil 8,750 W",Predator,Generadores,,,generador-inverter-predator-8750.webp,
,hidrolavadora-dewalt-3400-psi,"Hidrolavadora a gasolina 3,400 PSI",DeWalt,Hidrolavadoras,,,hidrolavadora-dewalt-3400-psi.webp,fondo gris: buscar versión con fondo blanco
,hidrolavadora-dewalt-4400-psi,"Hidrolavadora a gasolina 4,400 PSI",DeWalt,Hidrolavadoras,,,hidrolavadora-dewalt-4400-psi.webp,
,hidrolavadora-ryobi-3300-psi,"Hidrolavadora a gasolina 3,300 PSI",Ryobi,Hidrolavadoras,,,hidrolavadora-ryobi-3300-psi.webp,
,podadora-dewalt-163cc,Podadora autopropulsada tracción trasera 163 cc,DeWalt,Podadoras,,,podadora-dewalt-163cc.webp,
,generador-predator-9000,"Generador a gasolina 9,000 W",Predator,Generadores,,,generador-predator-9000.webp,"baja resolución: buscar mejor imagen; confirmar watts (¿9,000?)"
,generador-ryobi-3400w,"Generador inverter 3,400 W",Ryobi,Generadores,,,generador-ryobi-3400w.webp,
,generador-ryobi-6500w,"Generador a gasolina 8,125/6,500 W",Ryobi,Generadores,,,generador-ryobi-6500w.webp,
,hidrolavadora-bauer-2000-psi,"Hidrolavadora eléctrica 2,000 PSI",Bauer,Hidrolavadoras,,,hidrolavadora-bauer-2000-psi.webp,
,hidrolavadora-bauer-2300-psi,"Hidrolavadora eléctrica brushless 2,300 PSI",Bauer,Hidrolavadoras,,,hidrolavadora-bauer-2300-psi.webp,
,hidrolavadora-bauker-1800-psi,"Hidrolavadora eléctrica 1,800 PSI",Bauker,Hidrolavadoras,,,hidrolavadora-bauker-1800-psi.webp,confirmar si es Bauker o Bauer
,cepilladora-espesor-hercules,Cepilladora de espesor portátil 15 A,Hercules,Carpintería,,,cepilladora-espesor-hercules.webp,baja resolución: buscar mejor imagen
,compactadora-placa-7hp,Compactadora de placa a gasolina 7 HP,Central Machinery,Construcción,,,compactadora-placa-7hp.webp,
,compresor-dewalt-175-psi,Compresor de aire 175 PSI máx.,DeWalt,Compresores,,,compresor-dewalt-175-psi.webp,
,gato-hidraulico-rapid-pump-1-5t,Gato hidráulico Rapid Pump 1.5 t,Pittsburgh,Automotriz,,,gato-hidraulico-rapid-pump-1-5t.webp,
,generador-predator-1400,"Generador a gasolina 1,400 W",Predator,Generadores,,,generador-predator-1400.webp,
,generador-enerwell-g1000,Generador portátil a gasolina G1000,Enerwell,Generadores,,,generador-enerwell-g1000.webp,
,generador-enerwell-g2500,Generador portátil a gasolina G2500,Enerwell,Generadores,,,generador-enerwell-g2500.webp,
,generador-predator-4375,"Generador a gasolina 4,375 W",Predator,Generadores,,,generador-predator-4375.webp,
,generador-champion-5500,"Generador a gasolina 5,500 W",Champion,Generadores,,,generador-champion-5500.webp,
,hidrolavadora-dewalt-3600-psi,"Hidrolavadora a gasolina 3,600 PSI",DeWalt,Hidrolavadoras,,,hidrolavadora-dewalt-3600-psi.webp,
,hidrolavadora-predator-4400-psi,"Hidrolavadora a gasolina 4,400 PSI",Predator,Hidrolavadoras,,,hidrolavadora-predator-4400-psi.webp,
,compresor-husky-200-psi,Compresor de aire 200 PSI máx.,Husky,Compresores,,,compresor-husky-200-psi.webp,
,podadora-atlas-80v,Podadora inalámbrica 80 V,Atlas,Podadoras,,,podadora-atlas-80v.webp,
,podadora-dewalt-196cc,Podadora a gasolina 196 cc,DeWalt,Podadoras,,,podadora-dewalt-196cc.webp,
,podadora-echo-190cc,Podadora a gasolina 190 cc,Echo,Podadoras,,,podadora-echo-190cc.webp,
,podadora-murray-e550,Podadora a gasolina E550,Murray,Podadoras,,,podadora-murray-e550.webp,
,generador-predator-1800,"Generador a gasolina 1,800 W",Predator,Generadores,,,generador-predator-1800.webp,
,generador-predator-6500,"Generador a gasolina 6,500 W",Predator,Generadores,,,generador-predator-6500.webp,baja resolución: buscar mejor imagen
,generador-inverter-predator-4550,"Generador inverter 4,550 W",Predator,Generadores,,,generador-inverter-predator-4550.webp,
,hidrolavadora-predator-3200-psi,"Hidrolavadora a gasolina 3,200 PSI",Predator,Hidrolavadoras,,,hidrolavadora-predator-3200-psi.webp,
,revolvedora-ryobi,Revolvedora de concreto portátil,Ryobi,Construcción,,,revolvedora-ryobi.webp,
,sierra-mesa-warrior-10,"Sierra de mesa 10""",Warrior,Carpintería,,,sierra-mesa-warrior-10.webp,
,polipasto-cadena,Polipasto manual de cadena,Por confirmar,Construcción,,,polipasto-cadena.webp,venía nombrado como 'podadora murray e550.webp': confirmar si el cliente lo vende
